TM,WD,WSPD,WS_GST,VIS,RVR1,RVR2,RVR3,RVR4,WC,TMP,TD,PS,PA,RN,HM,CA_TOT,CLA_1LYR,BASE_1LYR,CLF_1LYR,CLA_2LYR,BASE_2LYR,CLF_2LYR,CLA_3LYR,BASE_3LYR,CLF_3LYR,CLA_4LYR,BASE_4LYR,CLF_4LYR
2015103124,6,5,,1000,,,,,,47,-38,10291,10283,,54,0,,,,,,,,,,,,
2015110101,8,3,,1000,,,,,,45,-47,10290,10282,,51,0,,,,,,,,,,,,
2015110102,3,3,,1000,,,,,,30,-48,10291,10282,,56,1,1,200,0,,,,,,,,,
2015110103,5,4,,1000,,,,,,39,-47,10284,10276,,53,1,1,200,0,,,,,,,,,
2015110104,7,4,,1000,,,,,,34,-44,10282,10273,,56,2,2,200,0,,,,,,,,,
2015110105,8,5,,1000,,,,,,35,-50,10277,10268,,53,4,4,200,0,,,,,,,,,
2015110106,6,6,,1000,,,,,,30,-22,10274,10265,,68,4,4,200,0,,,,,,,,,
2015110107,9,4,,1000,,,,,,32,-24,10278,10269,,66,4,4,200,0,,,,,,,,,
2015110108,7,5,,1000,,,,,,43,-19,10276,10268,,63,4,4,160,0,,,,,,,,,
2015110109,6,5,,1000,,,,,,65,-3,10279,10271,,61,4,4,160,0,,,,,,,,,
2015110110,10,4,,800,,,,,5,79,-4,10279,10271,,55,5,3,120,3,5,160,0,,,,,,
2015110111,7,5,,800,,,,,5,82,-29,10274,10266,,45,6,4,120,3,6,160,0,,,,,,
2015110112,4,3,,800,,,,,5,93,-25,10272,10264,,43,6,4,120,3,6,160,0,,,,,,
2015110113,4,5,,800,,,,,5,97,-21,10262,10254,,43,6,4,120,3,6,180,0,,,,,,
2015110114,4,3,,800,,,,,5,104,-15,10260,10252,,43,6,6,140,3,,,,,,,,,
2015110115,18,4,,800,,,,,5,102,-5,10252,10244,,47,6,6,120,3,,,,,,,,,
2015110116,11,3,,800,,,,,5,106,-4,10246,10238,,46,4,4,120,3,,,,,,,,,
2015110117,24,4,,800,,,,,5,101,-2,10248,10240,,49,5,1,30,6,5,120,3,,,,,,
2015110118,9,5,,800,,,,,5,97,-1,10238,10230,,50,7,1,30,6,7,120,3,,,,,,
2015110119,5,3,,1000,,,,,,93,6,10240,10232,,55,7,1,30,6,7,120,3,,,,,,
2015110120,36,1,,1000,,,,,,95,2,10244,10236,,52,7,1,30,6,7,120,3,,,,,,
2015110121,6,3,,1000,,,,,,89,13,10240,10232,,59,7,7,120,3,,,,,,,,,
2015110122,8,3,,1000,,,,,,91,8,10240,10232,,56,7,7,120,3,,,,,,,,,
2015110123,10,5,,1000,,,,,,89,14,10238,10230,,59,6,1,30,6,6,110,3,,,,,,
2015110124,6,3,,1000,,,,,,84,17,10236,10228,,63,7,2,30,6,7,110,3,,,,,,
2015110201,6,4,,1000,,,,,,84,16,10232,10224,,63,8,2,30,6,8,90,4,,,,,,
2015110202,6,4,,1000,,,,,,78,16,10229,10221,,65,7,2,30,6,7,90,4,,,,,,
2015110203,6,4,,1000,,,,,,80,16,10227,10219,,64,7,1,30,6,7,90,4,,,,,,
2015110204,9,3,,1000,,,,,,79,18,10225,10217,,66,7,1,30,6,7,80,4,,,,,,
2015110205,10,2,,1000,,,,,,77,16,10225,10217,,66,7,2,30,6,7,100,3,,,,,,
2015110206,11,2,,1000,,,,,,74,10,10225,10217,,64,5,3,30,6,5,100,3,,,,,,
2015110207,9,1,,1000,,,,,,67,12,10230,10222,,68,4,1,40,6,4,100,3,,,,,,
2015110208,7,1,,1000,,,,,,83,9,10233,10225,,60,4,1,40,6,3,120,3,4,180,0,,,
2015110209,14,3,,1000,,,,,,96,-2,10236,10228,,50,4,1,40,6,4,180,0,,,,,,
2015110210,24,3,,1000,,,,,,130,3,10235,10227,,42,1,1,40,6,,,,,,,,,
2015110211,24,5,,1000,,,,,,138,23,10233,10225,,46,3,1,40,6,3,180,0,,,,,,
2015110212,29,7,,1000,,,,,,144,29,10231,10223,,46,5,2,40,6,3,110,3,5,180,0,,,
2015110213,29,9,,1000,,,,,,142,43,10225,10217,,51,5,2,40,6,3,110,3,5,180,0,,,
2015110214,30,11,,1000,,,,,,141,51,10222,10214,,55,5,3,30,6,5,110,3,,,,,,
2015110215,29,10,,1000,,,,,,147,59,10220,10212,,55,4,2,30,6,4,110,3,,,,,,
2015110216,30,11,,800,,,,,5,145,57,10224,10216,,56,4,2,30,6,4,110,3,,,,,,
2015110217,29,11,,800,,,,,5,143,60,10226,10218,,58,5,2,30,6,5,110,3,,,,,,
2015110218,31,11,,800,,,,,5,144,72,10229,10221,,62,5,2,30,8,4,40,6,5,110,3,,,
2015110219,30,12,,1000,,,,,,142,66,10235,10227,,60,5,2,30,8,4,40,6,5,110,3,,,
2015110220,31,11,,1000,,,,,,140,70,10240,10232,,63,4,4,30,6,,,,,,,,,
2015110221,32,12,,1000,,,,,,137,66,10244,10236,,62,3,3,30,6,,,,,,,,,
2015110222,33,8,,1000,,,,,,133,67,10249,10241,,64,3,3,30,6,,,,,,,,,
2015110223,33,10,,1000,,,,,,127,60,10253,10245,,64,2,2,30,6,,,,,,,,,
2015110224,32,9,,1000,,,,,,127,61,10255,10247,,64,2,2,30,6,,,,,,,,,
2015110301,33,10,,900,,,,,10,113,59,10259,10251,,70,4,4,30,6,,,,,,,,,
2015110302,33,6,,900,,,,,10,95,50,10262,10254,,74,3,3,30,6,,,,,,,,,
2015110303,33,6,,700,,,,,10,84,46,10265,10257,,77,2,2,30,6,,,,,,,,,
2015110304,12,1,,500,,,,,10,85,58,10267,10259,,83,2,2,30,6,,,,,,,,,
2015110305,18,1,,400,,,,,10,84,65,10272,10264,,88,1,1,30,6,,,,,,,,,
2015110306,0,0,,350,,,,,10,91,70,10278,10270,,87,1,1,30,6,,,,,,,,,
2015110307,12,1,,350,,,,,10,82,61,10282,10274,,87,2,2,15,7,,,,,,,,,
2015110308,6,4,,380,,,,,10,93,71,10289,10281,,86,0,,,,,,,,,,,,
2015110309,7,2,,500,,,,,10,121,77,10297,10289,,74,0,,,,,,,,,,,,
2015110310,2,2,,600,,,,,10,142,60,10300,10292,,58,0,,,,,,,,,,,,
2015110311,5,2,,800,,,,,5,161,42,10300,10292,,45,0,,,,,,,,,,,,
2015110312,23,4,,800,,,,,5,162,59,10298,10290,,50,2,2,30,6,,,,,,,,,
2015110313,31,5,,800,,,,,5,166,56,10293,10285,,48,1,1,30,6,,,,,,,,,
2015110314,28,5,,1000,,,,,,166,31,10289,10281,,41,0,,,,,,,,,,,,
2015110315,29,4,,1000,,,,,,163,34,10289,10281,,42,0,,,,,,,,,,,,
2015110316,30,5,,1000,,,,,,160,38,10289,10281,,44,0,,,,,,,,,,,,
2015110317,28,5,,1000,,,,,,151,50,10291,10283,,51,0,,,,,,,,,,,,
2015110318,23,4,,1000,,,,,,139,71,10293,10285,,64,0,,,,,,,,,,,,
2015110319,24,4,,600,,,,,5,139,72,10295,10287,,64,0,,,,,,,,,,,,
2015110320,34,2,,600,,,,,5,135,65,10298,10290,,63,0,,,,,,,,,,,,
2015110321,5,2,,600,,,,,10,112,60,10300,10292,,70,0,,,,,,,,,,,,
2015110322,15,1,,450,,,,,10,99,64,10302,10294,,79,0,,,,,,,,,,,,
2015110323,8,1,,420,,,,,10,89,56,10301,10293,,80,0,,,,,,,,,,,,
2015110324,6,3,,350,,,,,10,89,66,10298,10290,,86,0,,,,,,,,,,,,
2015110401,6,4,,350,,,,,10,85,61,10296,10288,,85,0,,,,,,,,,,,,
2015110402,7,3,,300,,,,,10,94,69,10297,10289,,84,0,,,,,,,,,,,,
2015110403,7,5,,210,,,,,41,81,61,10297,10289,,87,0,,,,,,,,,,,,
2015110404,6,5,,210,170,200,200,,10,81,64,10295,10287,,89,0,,,,,,,,,,,,
2015110405,7,5,,150,200,180,100,,41,76,59,10298,10290,,89,2,2,10,7,,,,,,,,,
2015110406,7,5,,140,150,170,120,,41,74,57,10299,10291,,89,2,2,10,7,,,,,,,,,
2015110407,6,5,,150,120,150,180,,10,64,45,10300,10292,,88,2,2,10,7,,,,,,,,,
2015110408,6,5,,150,120,130,140,,10,74,52,10303,10295,,86,2,2,10,7,,,,,,,,,
2015110409,6,5,,220,,,,,10,100,71,10308,10300,,82,2,2,10,7,,,,,,,,,
2015110410,13,4,,300,,,,,10,126,69,10308,10300,,68,1,1,10,7,,,,,,,,,
2015110411,12,6,,330,,,,,5,138,53,10303,10295,,57,0,,,,,,,,,,,,
2015110412,11,5,,330,,,,,5,154,49,10297,10289,,50,0,,,,,,,,,,,,
2015110413,22,3,,500,,,,,5,164,33,10288,10280,,42,0,,,,,,,,,,,,
2015110414,32,6,,600,,,,,5,169,27,10280,10272,,39,0,,,,,,,,,,,,
2015110415,30,6,,600,,,,,5,162,43,10279,10271,,45,0,,,,,,,,,,,,
2015110416,31,6,,600,,,,,5,156,51,10277,10269,,50,0,,,,,,,,,,,,
2015110417,31,5,,600,,,,,5,144,58,10276,10268,,56,4,4,180,0,,,,,,,,,
2015110418,34,4,,600,,,,,5,132,55,10272,10264,,60,4,4,180,0,,,,,,,,,
2015110419,1,2,,600,,,,,5,127,65,10274,10266,,66,5,5,180,0,,,,,,,,,
2015110420,6,2,,450,,,,,10,126,72,10276,10268,,70,5,5,180,0,,,,,,,,,
2015110421,6,3,,420,,,,,10,117,68,10275,10267,,72,5,5,180,0,,,,,,,,,
2015110422,3,2,,420,,,,,10,115,70,10275,10267,,74,5,5,180,0,,,,,,,,,
2015110423,8,2,,380,,,,,10,105,68,10275,10267,,78,5,5,200,0,,,,,,,,,
2015110424,4,1,,380,,,,,10,107,60,10272,10264,,73,5,5,200,0,,,,,,,,,
2015110501,7,5,,380,,,,,10,102,64,10267,10259,,77,5,5,200,0,,,,,,,,,
2015110502,7,3,,320,,,,,10,114,61,10266,10258,,70,6,6,200,0,,,,,,,,,
2015110503,5,2,,190,,,,,10,96,67,10266,10258,,82,6,1,10,7,6,200,0,,,,,,
2015110504,7,4,,150,110,130,140,,10,91,67,10264,10256,,85,5,2,10,7,5,200,0,,,,,,
2015110505,5,4,,140,200,200,150,,10,93,63,10263,10255,,82,5,2,10,7,3,30,6,5,180,0,,,
2015110506,8,1,,220,,,,,10,103,59,10259,10251,,74,6,1,10,7,3,30,6,6,180,0,,,
2015110507,8,3,,220,,,,,10,100,57,10264,10256,,75,6,1,10,7,3,30,6,6,150,3,,,
2015110508,6,5,,160,,,,,10,103,69,10270,10262,,80,6,2,10,7,3,30,6,6,150,3,,,
2015110509,15,2,,250,,,,,10,122,63,10273,10265,,67,6,2,10,7,4,30,6,6,120,3,,,
2015110510,22,4,,250,,,,,10,148,80,10273,10265,,64,5,2,10,7,3,30,6,5,120,3,,,
2015110511,33,2,,320,,,,,5,151,64,10269,10261,,56,6,3,30,6,6,120,3,,,,,,
2015110512,35,7,,500,,,,,5,164,46,10266,10258,,45,4,2,30,6,4,120,3,,,,,,
2015110513,31,6,,600,,,,,5,154,69,10259,10251,,57,6,4,30,6,6,120,3,,,,,,
2015110514,31,6,,700,,,,,5,165,57,10252,10244,,49,0,,,,,,,,,,,,
2015110515,30,7,,700,,,,,5,163,59,10249,10241,,50,0,,,,,,,,,,,,
2015110516,30,7,,900,,,,,5,155,59,10247,10239,,53,1,1,120,3,,,,,,,,,
2015110517,30,5,,1000,,,,,,150,68,10247,10239,,58,0,,,,,,,,,,,,
2015110518,30,6,,900,,,,,5,141,77,10251,10243,,65,0,,,,,,,,,,,,
2015110519,33,6,,700,,,,,10,136,89,10256,10248,,73,0,,,,,,,,,,,,
2015110520,11,1,,600,,,,,10,133,89,10255,10247,,75,0,,,,,,,,,,,,
2015110521,36,4,,500,,,,,10,122,90,10255,10247,,81,0,,,,,,,,,,,,
2015110522,6,2,,400,,,,,10,108,76,10261,10253,,81,0,,,,,,,,,,,,
2015110523,3,1,,330,,,,,10,116,89,10261,10253,,84,0,,,,,,,,,,,,
2015110524,5,5,,350,,,,,10,116,80,10258,10250,,79,0,,,,,,,,,,,,
2015110601,5,7,,400,,,,,10,110,69,10256,10248,,76,0,,,,,,,,,,,,
2015110602,4,11,,400,,,,,10,107,74,10257,10249,,80,2,2,120,3,,,,,,,,,
2015110603,4,12,,500,,,,,10,106,59,10255,10247,,73,6,6,120,3,,,,,,,,,
2015110604,6,8,,500,,,,,10,96,47,10253,10245,,72,6,6,120,3,,,,,,,,,
2015110605,5,7,,500,,,,,10,107,47,10252,10244,,67,6,6,120,3,,,,,,,,,
2015110606,5,5,,600,,,,,5,97,52,10260,10252,,74,2,2,120,3,,,,,,,,,
2015110607,5,5,,800,,,,,5,96,41,10266,10258,,69,3,3,180,0,,,,,,,,,
2015110608,6,8,,1000,,,,,,113,48,10271,10263,,65,6,2,120,3,6,180,0,,,,,,
2015110609,5,11,,1000,,,,,,127,51,10275,10267,,60,5,2,120,3,5,180,0,,,,,,
2015110610,7,11,,900,,,,,5,160,58,10266,10258,,51,4,4,120,3,,,,,,,,,
2015110611,10,10,,900,,,,,5,172,52,10262,10254,,45,3,3,120,3,,,,,,,,,
2015110612,10,9,,900,,,,,5,179,49,10256,10248,,42,5,3,120,3,5,180,0,,,,,,
2015110613,9,10,,1000,,,,,,191,50,10243,10235,,40,5,3,120,3,5,180,0,,,,,,
2015110614,12,9,,1000,,,,,,191,45,10237,10229,,38,6,1,30,6,4,120,3,6,180,0,,,
2015110615,12,8,,1000,,,,,,190,52,10231,10223,,40,7,3,30,6,7,120,3,,,,,,
2015110616,8,10,,1000,,,,,61,180,60,10229,10221,0,45,8,2,10,7,5,30,6,8,100,4,,,
2015110617,9,11,,1000,,,,,61,172,51,10231,10223,0,45,8,2,10,7,5,30,6,8,100,4,,,
2015110618,9,9,,1000,,,,,61,164,47,10234,10226,0,46,8,2,10,7,5,30,6,8,100,4,,,
2015110619,8,10,,1000,,,,,61,148,60,10241,10233,0,56,8,2,10,7,5,30,6,8,100,4,,,
2015110620,8,9,,1000,,,,,61,141,59,10248,10240,0,58,8,2,10,7,5,30,6,8,100,4,,,
2015110621,8,10,,1000,,,,,61,130,65,10253,10245,0,65,8,2,10,7,5,30,6,8,100,4,,,
2015110622,9,11,,1000,,,,,61,116,72,10258,10250,0,75,8,2,10,7,5,30,6,8,100,4,,,
2015110623,9,11,,1000,,,,,61,108,74,10261,10253,0,79,8,5,30,6,8,100,4,,,,,,
2015110624,10,9,,600,,,,,61,102,79,10260,10252,0,86,8,5,30,6,8,100,4,,,,,,
2015110701,10,8,,600,,,,,61,103,79,10257,10249,5,85,8,5,30,6,8,100,4,,,,,,
2015110702,9,10,,600,,,,,61,102,79,10256,10248,10,86,8,2,10,7,5,30,6,8,100,4,,,
2015110703,8,9,,400,,,,,61,100,78,10252,10244,5,86,8,2,10,7,5,30,6,8,100,4,,,
2015110704,9,10,,400,,,,,61,98,76,10251,10243,5,86,8,2,10,7,5,30,6,8,100,4,,,
2015110705,9,10,,600,,,,,61,98,75,10246,10238,5,86,8,2,10,7,5,30,6,8,100,4,,,
2015110706,8,11,,500,,,,,61,98,72,10249,10241,0,84,8,2,10,7,5,30,6,8,100,4,,,
2015110707,8,10,,600,,,,,61,99,74,10249,10241,0,84,8,2,10,7,5,30,6,8,100,4,,,
2015110708,9,12,,700,,,,,61,101,76,10250,10242,0,85,8,2,10,7,5,30,6,8,100,4,,,
2015110709,9,10,,800,,,,,61,102,78,10252,10244,10,85,8,1,10,7,5,30,6,8,100,4,,,
2015110710,9,13,,800,,,,,61,104,78,10244,10236,15,84,8,1,10,7,5,30,6,8,100,4,,,
2015110711,9,12,,1000,,,,,61,109,81,10233,10225,15,83,8,1,10,7,5,30,6,8,100,4,,,
2015110712,9,11,,1000,,,,,61,112,82,10221,10213,5,82,8,1,10,7,5,30,6,8,100,4,,,
2015110713,9,12,,1000,,,,,61,115,83,10214,10206,5,81,8,1,10,7,5,30,6,8,100,4,,,
2015110714,9,11,,800,,,,,61,115,84,10204,10196,0,82,8,1,10,7,5,30,6,8,100,4,,,
2015110715,9,9,,600,,,,,63,113,89,10200,10192,35,85,8,1,10,7,5,30,6,8,100,4,,,
2015110716,8,11,,500,,,,,63,114,91,10192,10184,45,86,8,2,8,7,5,30,6,8,90,5,,,
2015110717,9,11,,600,,,,,61,113,91,10190,10182,5,86,8,4,8,7,6,30,6,8,90,5,,,
2015110718,9,12,,600,,,,,61,114,92,10184,10176,5,86,8,4,8,7,6,30,6,8,90,5,,,
2015110719,9,12,,500,,,,,61,115,95,10182,10174,20,88,8,4,8,7,6,30,6,8,90,5,,,
2015110720,7,11,,600,,,,,61,118,96,10181,10173,0,86,8,4,8,7,6,30,6,8,90,5,,,
2015110721,8,13,,600,,,,,61,117,97,10180,10172,5,87,8,4,4,7,6,30,6,8,90,5,,,
2015110722,6,13,,380,,,,,63,110,93,10182,10174,35,89,8,4,3,7,6,20,6,8,80,5,,,
2015110723,6,14,,250,,,,,63,109,92,10179,10171,30,89,8,4,3,7,6,20,6,8,80,5,,,
2015110724,7,12,,600,,,,,61,109,91,10174,10166,5,89,8,4,4,7,6,20,6,8,80,5,,,
2015110801,7,13,,420,,,,,61,111,93,10169,10161,0,89,8,4,4,7,6,20,6,8,80,5,,,
2015110802,6,16,,420,,,,,61,112,94,10167,10159,0,89,8,4,3,7,6,20,6,8,80,5,,,
2015110803,6,15,,500,,,,,61,106,89,10167,10159,5,89,8,4,3,7,6,20,6,8,80,5,,,
2015110804,6,15,,480,,,,,61,102,85,10161,10153,5,89,8,4,3,7,6,20,6,8,80,5,,,
2015110805,6,16,,400,,,,,61,100,83,10158,10150,20,89,8,4,3,7,6,20,6,8,80,5,,,
2015110806,7,15,,500,,,,,61,101,83,10159,10151,0,89,8,4,6,7,6,20,6,8,80,5,,,
2015110807,6,13,,500,,,,,61,101,83,10165,10157,15,89,8,4,6,7,6,20,6,8,80,5,,,
2015110808,6,15,,500,,,,,61,100,82,10170,10162,10,89,8,4,6,7,6,20,6,8,80,5,,,
2015110809,7,11,,500,,,,,61,104,87,10174,10166,40,89,8,4,4,7,6,20,6,8,80,5,,,
2015110810,7,11,,700,,,,,60,108,88,10172,10164,0,88,8,4,8,7,6,30,6,8,90,5,,,
2015110811,7,9,,900,,,,,60,112,90,10170,10162,0,86,8,4,8,7,6,30,6,8,100,4,,,
2015110812,8,8,,1000,,,,,60,116,89,10168,10160,0,84,8,4,10,7,6,30,6,8,100,4,,,
2015110813,8,9,,1000,,,,,21,120,83,10161,10153,0,78,8,4,10,7,6,30,6,8,100,4,,,
2015110814,9,10,,1000,,,,,,124,84,10153,10145,,77,8,2,10,7,6,30,6,8,100,4,,,
2015110815,9,12,,1000,,,,,,123,80,10149,10141,,75,8,2,10,7,6,25,6,8,100,4,,,
2015110816,8,8,,1000,,,,,,123,79,10157,10149,,74,8,1,10,7,6,25,6,8,100,4,,,
2015110817,8,11,,700,,,,,50,122,80,10159,10151,0,76,8,1,10,7,6,25,6,8,100,4,,,
2015110818,7,8,,500,,,,,61,110,88,10159,10151,5,86,8,3,8,7,6,25,6,8,90,5,,,
2015110819,7,8,,350,,,,,61,109,90,10163,10155,0,88,8,4,5,7,6,25,6,8,80,5,,,
2015110820,5,8,,420,,,,,61,108,91,10163,10155,25,89,8,4,5,7,6,25,6,8,80,5,,,
2015110821,6,10,,330,,,,,61,104,87,10160,10152,10,90,8,4,5,7,6,25,6,8,80,5,,,
2015110822,4,8,,330,,,,,61,102,86,10163,10155,0,90,8,4,5,7,6,25,6,8,80,5,,,
2015110823,3,9,,280,,,,,61,100,84,10164,10156,15,90,8,4,5,7,6,25,6,8,80,5,,,
2015110824,2,9,,350,,,,,61,97,80,10163,10155,15,89,8,4,7,7,6,25,6,8,80,5,,,
2015110901,1,8,,350,,,,,61,96,79,10163,10155,5,89,8,4,5,7,6,25,6,8,80,5,,,
2015110902,3,7,,600,,,,,10,97,79,10163,10155,0,88,8,4,5,7,6,25,6,8,100,4,,,
2015110903,1,5,,700,,,,,10,99,78,10165,10157,5,87,8,4,5,7,6,25,6,8,100,4,,,
2015110904,35,7,,900,,,,,10,102,80,10165,10157,,86,8,2,10,7,6,25,6,8,100,4,,,
2015110905,1,6,,1000,,,,,,101,77,10164,10156,,85,7,2,10,7,6,30,6,7,100,4,,,
2015110906,36,6,,1000,,,,,,100,75,10171,10163,,85,7,2,10,7,6,30,6,7,100,4,,,
2015110907,36,7,,1000,,,,,,101,77,10172,10164,,85,7,2,10,7,6,30,6,7,100,4,,,
2015110908,36,5,,1000,,,,,,101,78,10178,10170,,86,7,1,10,7,5,30,6,7,100,4,,,
2015110909,35,9,,1000,,,,,,101,77,10184,10176,,85,7,2,10,7,5,25,6,7,120,3,,,
2015110910,33,9,,1000,,,,,,104,72,10186,10178,,81,7,2,10,7,5,30,6,7,120,3,,,
2015110911,34,8,,1000,,,,,,115,72,10185,10177,,75,5,1,15,7,5,30,6,,,,,,
2015110912,35,8,,1000,,,,,,127,70,10182,10174,,68,5,1,15,7,5,30,6,,,,,,
2015110913,33,9,,1000,,,,,,133,69,10176,10168,,65,4,4,25,6,,,,,,,,,
2015110914,33,11,,1000,,,,,,134,64,10174,10166,,63,5,5,30,6,,,,,,,,,
2015110915,34,11,,1000,,,,,,126,72,10177,10169,,70,6,1,15,7,6,30,6,,,,,,
2015110916,35,11,,1000,,,,,,125,65,10182,10174,,67,6,1,15,7,6,30,6,,,,,,
2015110917,32,10,,1000,,,,,,122,67,10188,10180,,69,6,1,15,7,6,30,6,,,,,,
2015110918,32,11,,400,,,,,10,115,70,10193,10185,,74,7,2,15,7,7,30,6,,,,,,
2015110919,32,12,,320,,,,,10,112,68,10199,10191,,74,7,2,15,7,7,30,6,,,,,,
2015110920,34,10,,320,,,,,10,109,65,10204,10196,,74,7,2,15,7,7,30,6,,,,,,
2015110921,32,12,,250,,,,,10,105,66,10208,10200,,77,7,2,10,7,7,30,6,,,,,,
2015110922,33,10,,250,,,,,10,105,62,10213,10205,,75,7,2,10,7,7,30,6,,,,,,
2015110923,33,10,,250,,,,,10,102,62,10216,10208,,76,7,2,10,7,7,30,6,,,,,,
2015110924,34,12,,270,,,,,10,101,62,10215,10207,,77,7,2,10,7,7,30,6,,,,,,
2015111001,34,10,,290,,,,,10,98,62,10217,10209,,79,7,2,10,7,7,30,6,,,,,,
2015111002,34,10,,270,,,,,10,95,60,10219,10211,,79,7,2,10,7,7,30,6,,,,,,
2015111003,35,7,,280,,,,,10,87,55,10221,10213,,80,5,2,10,7,5,30,6,,,,,,
2015111004,33,8,,290,,,,,10,90,55,10219,10211,,79,6,2,10,7,6,30,6,,,,,,
2015111005,32,8,,400,,,,,10,96,57,10220,10212,,77,6,2,15,7,6,30,6,,,,,,
2015111006,34,7,,400,,,,,10,84,51,10223,10215,,80,5,2,15,7,5,30,6,,,,,,
2015111007,36,6,,500,,,,,10,91,52,10227,10219,,77,7,2,15,7,7,30,6,,,,,,
2015111008,34,5,,500,,,,,10,94,56,10235,10227,,77,7,2,10,7,7,30,6,,,,,,
2015111009,30,8,,400,,,,,10,94,50,10245,10237,,74,7,2,10,7,7,30,6,,,,,,
2015111010,31,8,,400,,,,,10,98,50,10248,10240,,72,7,2,10,7,7,30,6,,,,,,
2015111011,33,7,,420,,,,,5,103,46,10247,10239,,68,5,5,30,6,,,,,,,,,
2015111012,32,5,,450,,,,,5,110,44,10245,10237,,64,4,4,30,6,,,,,,,,,
2015111013,29,6,,500,,,,,5,116,50,10242,10234,,64,5,4,30,6,5,120,3,,,,,,
2015111014,30,7,,500,,,,,5,120,50,10239,10231,,62,5,4,30,6,5,120,3,,,,,,
2015111015,28,8,,500,,,,,5,116,45,10239,10231,,62,5,4,30,6,5,120,3,,,,,,
2015111016,28,8,,600,,,,,5,111,41,10241,10233,,62,2,2,30,6,,,,,,,,,
2015111017,27,6,,600,,,,,5,107,44,10244,10236,,65,4,2,30,6,4,120,3,,,,,,
2015111018,26,4,,600,,,,,5,101,46,10245,10237,,69,4,2,30,6,4,120,3,,,,,,
2015111019,26,4,,500,,,,,10,102,47,10251,10243,,69,2,2,30,6,,,,,,,,,
2015111020,31,4,,500,,,,,10,102,47,10252,10244,,69,2,2,30,6,,,,,,,,,
2015111021,36,4,,500,,,,,10,88,43,10257,10249,,74,2,2,30,6,,,,,,,,,
2015111022,1,2,,450,,,,,10,92,44,10263,10255,,72,3,3,30,6,,,,,,,,,
2015111023,5,4,,400,,,,,10,86,47,10263,10255,,77,5,5,30,6,,,,,,,,,
2015111024,6,4,,400,,,,,10,79,37,10265,10257,,75,3,3,30,6,,,,,,,,,
2015111101,5,2,,400,,,,,10,75,37,10270,10262,,77,3,3,30,6,,,,,,,,,
2015111102,6,3,,380,,,,,10,80,41,10273,10265,,76,3,3,30,6,,,,,,,,,
2015111103,7,4,,350,,,,,10,75,33,10272,10264,,75,3,3,30,6,,,,,,,,,
2015111104,7,6,,300,,,,,10,74,40,10269,10261,,79,3,3,30,6,,,,,,,,,
2015111105,6,5,,270,,,,,10,74,39,10269,10261,,79,3,2,30,6,3,180,0,,,,,,
2015111106,7,6,,250,,,,,10,74,41,10272,10264,,79,3,2,30,6,3,180,0,,,,,,
2015111107,7,6,,240,,,,,10,66,40,10276,10268,,83,2,2,30,6,,,,,,,,,
2015111108,6,6,,240,,,,,10,71,47,10282,10274,,85,3,2,15,7,3,180,0,,,,,,
2015111109,6,6,,280,,,,,10,82,55,10290,10282,,83,5,2,15,7,3,30,6,5,180,0,,,
2015111110,6,6,,280,,,,,10,103,60,10293,10285,,75,5,2,30,6,4,120,3,5,180,0,,,
2015111111,5,7,,500,,,,,5,123,55,10294,10286,,63,5,2,30,6,4,120,3,5,180,0,,,
2015111112,4,6,,700,,,,,5,131,24,10291,10283,,48,4,4,180,0,,,,,,,,,
2015111113,2,4,,700,,,,,5,136,35,10285,10277,,51,4,4,180,0,,,,,,,,,
2015111114,3,3,,800,,,,,5,135,37,10282,10274,,52,6,2,40,6,6,180,0,,,,,,
2015111115,32,7,,800,,,,,5,139,43,10283,10275,,53,4,1,40,6,4,180,0,,,,,,
2015111116,33,7,,800,,,,,5,132,53,10285,10277,,59,4,1,40,6,4,180,0,,,,,,
2015111117,34,6,,800,,,,,5,124,54,10284,10276,,62,4,1,40,6,4,180,0,,,,,,
2015111118,36,3,,600,,,,,5,108,54,10283,10275,,69,4,1,40,6,4,180,0,,,,,,
2015111119,2,2,,600,,,,,5,110,60,10287,10279,,71,4,4,180,0,,,,,,,,,
2015111120,3,2,,500,,,,,10,102,57,10289,10281,,74,2,2,180,0,,,,,,,,,
2015111121,2,2,,450,,,,,10,101,62,10292,10284,,77,0,,,,,,,,,,,,
2015111122,5,2,,450,,,,,10,100,65,10294,10286,,79,2,2,30,6,,,,,,,,,
2015111123,5,4,,500,,,,,10,95,50,10296,10288,,74,2,2,30,6,,,,,,,,,
2015111124,5,6,,450,,,,,10,94,58,10298,10290,,78,2,2,30,6,,,,,,,,,
2015111201,7,6,,450,,,,,10,95,56,10299,10291,,77,2,2,30,6,,,,,,,,,
2015111202,7,6,,600,,,,,10,88,54,10299,10291,,79,3,3,30,6,,,,,,,,,
2015111203,7,6,,700,,,,,10,87,53,10300,10292,,79,5,3,40,6,5,120,3,,,,,,
2015111204,7,7,,800,,,,,10,94,55,10298,10290,,76,4,2,40,6,4,120,3,,,,,,
2015111205,7,7,,800,,,,,10,86,51,10296,10288,,79,4,2,40,6,4,120,3,,,,,,
2015111206,7,7,,800,,,,,10,97,57,10300,10292,,76,4,2,40,6,4,120,3,,,,,,
2015111207,7,7,,800,,,,,10,91,57,10301,10293,,79,5,2,40,6,5,180,0,,,,,,
2015111208,7,5,,1000,,,,,,100,59,10307,10299,,76,5,1,40,6,3,120,3,5,180,0,,,
2015111209,7,5,,1000,,,,,,124,60,10311,10303,,65,3,1,40,6,3,120,3,,,,,,
2015111210,12,8,,1000,,,,,,145,65,10311,10303,,59,2,2,120,3,,,,,,,,,
2015111211,13,10,,1000,,,,,,160,70,10303,10295,,55,0,,,,,,,,,,,,
2015111212,15,10,,1000,,,,,,172,70,10299,10291,,51,1,1,180,0,,,,,,,,,
2015111213,14,12,,1000,,,,,,178,79,10296,10288,,53,3,3,180,0,,,,,,,,,
2015111214,17,8,,1000,,,,,,181,73,10290,10282,,49,3,1,30,6,3,180,0,,,,,,
2015111215,13,7,,1000,,,,,,182,71,10285,10277,,48,3,1,30,6,3,180,0,,,,,,
2015111216,15,6,,1000,,,,,,181,76,10282,10274,,50,3,1,30,6,3,180,0,,,,,,
2015111217,13,4,,1000,,,,,,164,73,10283,10275,,55,5,2,30,6,3,120,3,5,180,0,,,
2015111218,15,5,,1000,,,,,,149,87,10284,10276,,67,5,2,30,6,5,120,3,,,,,,
2015111219,13,5,,1000,,,,,,150,78,10283,10275,,62,3,1,30,6,3,120,3,,,,,,
2015111220,13,5,,1000,,,,,,136,80,10285,10277,,69,0,,,,,,,,,,,,
2015111221,12,4,,1000,,,,,,134,79,10286,10278,,69,0,,,,,,,,,,,,
2015111222,10,5,,1000,,,,,,138,73,10284,10276,,65,0,,,,,,,,,,,,
2015111223,9,4,,1000,,,,,,143,74,10282,10274,,63,3,1,30,6,3,140,3,,,,,,
2015111224,12,5,,1000,,,,,,137,72,10281,10273,,65,3,1,30,6,3,140,3,,,,,,
2015111301,11,6,,1000,,,,,,134,72,10276,10268,,66,5,2,30,6,5,140,3,,,,,,
2015111302,11,5,,1000,,,,,,134,63,10270,10262,,62,6,2,30,6,6,140,3,,,,,,
2015111303,13,5,,1000,,,,,,130,61,10268,10260,,63,6,2,30,6,4,140,3,6,200,0,,,
2015111304,5,4,,1000,,,,,,124,59,10262,10254,,64,6,2,30,6,4,140,3,6,200,0,,,
2015111305,10,4,,1000,,,,,,131,54,10256,10248,,60,6,2,30,6,4,140,3,6,180,0,,,
2015111306,10,6,,1000,,,,,,135,51,10253,10245,,57,6,2,30,6,6,130,3,,,,,,
2015111307,7,7,,1000,,,,,,120,64,10251,10243,,69,7,2,30,6,7,120,3,,,,,,
2015111308,6,9,,1000,,,,,,119,68,10247,10239,,71,7,2,30,6,7,110,3,,,,,,
2015111309,8,6,,1000,,,,,61,139,50,10247,10239,0,55,8,5,30,6,8,80,4,,,,,,
2015111310,12,9,,1000,,,,,61,124,67,10244,10236,0,68,8,5,30,6,8,100,4,,,,,,
2015111311,11,8,,1000,,,,,61,119,77,10238,10230,5,75,8,1,10,7,5,30,6,8,80,5,,,
2015111312,8,7,,1000,,,,,61,117,80,10227,10219,5,78,8,2,10,7,5,30,6,8,80,5,,,
2015111313,8,10,,1000,,,,,61,111,77,10212,10204,20,80,8,2,10,7,6,30,6,8,80,5,,,
2015111314,8,8,,800,,,,,61,110,76,10205,10197,20,80,8,2,10,7,6,25,6,8,80,5,,,
2015111315,7,9,,800,,,,,61,108,81,10196,10188,15,84,8,2,10,7,6,25,6,8,80,5,,,
2015111316,7,7,,900,,,,,61,108,82,10193,10185,10,84,8,2,10,7,6,20,6,8,80,5,,,
2015111317,7,7,,900,,,,,61,108,82,10187,10179,15,84,8,2,8,7,6,20,6,8,80,5,,,
2015111318,8,7,,500,,,,,63,107,84,10183,10175,30,86,8,2,8,7,6,20,6,8,80,5,,,
2015111319,8,10,,600,,,,,61,108,82,10178,10170,20,84,8,2,10,7,6,20,6,8,80,5,,,
2015111320,7,9,,600,,,,,61,109,83,10174,10166,10,84,8,2,10,7,5,25,6,8,80,5,,,
2015111321,7,9,,600,,,,,61,109,83,10168,10160,5,84,8,2,10,7,5,25,6,8,80,5,,,
2015111322,6,8,,600,,,,,61,111,87,10165,10157,15,85,8,2,10,7,5,25,6,8,80,5,,,
2015111323,7,8,,500,,,,,61,110,89,10158,10150,5,87,8,2,10,7,5,25,6,8,80,5,,,
2015111324,5,9,,400,,,,,61,106,88,10152,10144,5,89,8,4,5,7,5,25,6,8,80,5,,,
2015111401,6,9,,450,,,,,61,102,85,10144,10136,15,89,8,3,5,7,5,25,6,8,80,5,,,
2015111402,6,9,,700,,,,,61,102,84,10144,10136,5,89,8,3,5,7,5,25,6,8,80,5,,,
2015111403,6,9,,600,,,,,61,105,87,10138,10130,0,89,8,3,5,7,5,25,6,8,80,5,,,
2015111404,6,11,,700,,,,,61,105,87,10132,10124,0,89,8,3,5,7,5,25,6,8,80,5,,,
2015111405,5,10,,700,,,,,61,106,89,10130,10122,0,90,8,3,5,7,5,25,6,8,80,5,,,
2015111406,4,8,,700,,,,,61,109,93,10133,10125,0,90,8,3,5,7,5,25,6,8,80,5,,,
2015111407,5,7,,600,,,,,61,111,95,10135,10127,0,90,8,3,5,7,5,25,6,8,80,5,,,
2015111408,4,8,,800,,,,,60,113,96,10140,10132,0,89,8,3,10,7,5,30,6,8,100,4,,,
2015111409,4,5,,1000,,,,,21,116,98,10146,10138,0,89,8,3,5,7,5,25,6,8,100,4,,,
2015111410,3,4,,700,,,,,10,119,101,10146,10138,,89,8,2,5,7,5,25,6,8,100,4,,,
2015111411,6,4,,1000,,,,,20,124,102,10144,10136,0,87,8,2,6,7,5,25,6,8,100,4,,,
2015111412,3,2,,1000,,,,,,129,102,10143,10135,,84,8,2,7,7,5,30,6,8,100,4,,,
2015111413,33,5,,1000,,,,,,132,100,10136,10128,,81,7,2,10,7,5,30,6,7,100,4,,,
2015111414,32,7,,1000,,,,,,133,100,10133,10125,,81,7,1,10,7,5,30,6,7,120,4,,,
2015111415,32,4,,1000,,,,,,135,101,10136,10128,,80,7,1,10,7,5,30,6,7,120,4,,,
2015111416,30,4,,1000,,,,,,134,97,10136,10128,,78,7,1,10,7,5,30,6,7,120,4,,,
2015111417,29,5,,1000,,,,,,133,102,10142,10134,,81,7,5,30,6,7,120,4,,,,,,
2015111418,29,5,,1000,,,,,,133,103,10146,10138,,82,7,1,10,7,5,30,6,7,120,4,,,
2015111419,29,4,,1000,,,,,,135,105,10154,10146,,82,7,2,10,7,5,30,6,7,120,4,,,
2015111420,34,3,,1000,,,,,,136,106,10160,10152,,82,7,2,10,7,5,30,6,7,120,4,,,
2015111421,36,4,,1000,,,,,,132,108,10162,10154,,86,7,2,10,7,5,30,6,7,120,4,,,
2015111422,35,5,,1000,,,,,,132,110,10166,10158,,87,6,4,30,6,6,120,4,,,,,,
2015111423,33,7,,1000,,,,,,132,107,10170,10162,,85,6,4,30,6,6,120,3,,,,,,
2015111424,32,6,,1000,,,,,,131,105,10173,10165,,84,6,4,30,6,6,120,3,,,,,,
2015111501,32,6,,1000,,,,,,125,102,10175,10167,,86,5,3,30,6,5,120,3,,,,,,
2015111502,34,4,,1000,,,,,,115,95,10178,10170,,87,4,4,30,6,,,,,,,,,
2015111503,34,6,,800,,,,,10,122,102,10182,10174,,88,4,1,10,7,4,30,6,,,,,,
2015111504,33,4,,400,,,,,10,121,102,10183,10175,,88,4,1,10,7,4,30,6,,,,,,
2015111505,28,2,,500,,,,,10,108,91,10184,10176,,90,0,,,,,,,,,,,,
2015111506,28,1,,400,,,,,41,106,90,10188,10180,,90,1,1,30,6,,,,,,,,,
2015111507,30,3,,600,,,,,10,111,96,10194,10186,,90,3,1,5,7,3,30,6,,,,,,
2015111508,31,5,,1000,,,,,,111,94,10201,10193,,90,1,1,30,6,,,,,,,,,
2015111509,30,5,,1000,,,,,,133,103,10209,10201,,82,5,1,30,6,5,100,3,,,,,,
2015111510,31,4,,1000,,,,,,138,93,10212,10204,,75,6,6,40,6,,,,,,,,,
2015111511,35,4,,1000,,,,,,152,94,10210,10202,,68,7,7,40,6,,,,,,,,,
2015111512,30,6,,1000,,,,,,155,95,10209,10201,,67,7,4,40,6,7,110,3,,,,,,
2015111513,30,7,,1000,,,,,,146,98,10206,10198,,73,7,4,40,6,7,110,3,,,,,,
2015111514,29,5,,1000,,,,,,152,94,10201,10193,,68,7,4,40,6,7,110,3,,,,,,
2015111515,29,7,,1000,,,,,,149,91,10206,10198,,68,7,4,40,6,7,110,3,,,,,,
2015111516,30,6,,1000,,,,,,145,97,10208,10200,,73,7,4,40,6,7,110,3,,,,,,
2015111517,24,2,,1000,,,,,,143,95,10206,10198,,73,7,4,40,6,7,110,3,,,,,,
2015111518,31,4,,1000,,,,,,141,99,10214,10206,,76,7,4,40,6,7,110,3,,,,,,
2015111519,26,2,,1000,,,,,,141,105,10218,10210,,79,6,4,40,6,6,110,3,,,,,,
2015111520,26,3,,1000,,,,,,143,102,10218,10210,,76,6,4,40,6,6,110,3,,,,,,
2015111521,24,2,,1000,,,,,,142,99,10217,10209,,76,6,4,40,6,6,110,3,,,,,,
2015111522,3,2,,1000,,,,,,138,103,10218,10210,,80,6,3,40,6,6,110,3,,,,,,
2015111523,11,2,,1000,,,,,,131,101,10213,10205,,82,6,3,40,6,6,110,3,,,,,,
2015111524,5,1,,1000,,,,,,131,100,10209,10201,,81,6,3,30,6,6,110,3,,,,,,
2015111601,6,3,,1000,,,,,,129,101,10203,10195,,83,6,3,30,6,6,110,3,,,,,,
2015111602,12,3,,1000,,,,,,123,99,10200,10192,,85,6,3,30,6,6,110,3,,,,,,
2015111603,5,2,,600,,,,,10,117,95,10199,10191,,87,6,3,30,6,6,110,3,,,,,,
2015111604,7,3,,600,,,,,10,120,98,10196,10188,,86,6,4,30,6,6,110,3,,,,,,
2015111605,8,3,,600,,,,,10,121,99,10197,10189,,87,6,4,30,6,6,110,3,,,,,,
2015111606,11,4,,500,,,,,10,127,101,10196,10188,,84,6,4,30,6,6,110,3,,,,,,
2015111607,10,4,,450,,,,,10,125,94,10194,10186,,82,6,4,30,6,6,110,3,,,,,,
2015111608,9,5,,700,,,,,10,127,93,10187,10179,,80,7,3,30,6,5,120,3,7,180,0,,,
2015111609,11,3,,500,,,,,10,131,96,10187,10179,,79,7,3,30,6,5,120,3,7,180,0,,,
2015111610,12,6,,500,,,,,10,140,90,10183,10175,,72,7,3,30,6,5,120,3,7,180,0,,,
2015111611,13,5,,600,,,,,10,143,78,10179,10171,,65,7,3,30,6,5,110,3,7,180,0,,,
2015111612,15,7,,600,,,,,10,145,76,10172,10164,,63,8,4,30,6,8,110,4,,,,,,
2015111613,14,7,,600,,,,,61,143,85,10161,10153,0,68,8,5,30,6,8,100,4,,,,,,
2015111614,13,6,,600,,,,,61,142,88,10157,10149,5,70,8,2,10,7,5,25,6,8,80,5,,,
2015111615,13,3,,500,,,,,61,138,94,10155,10147,5,75,8,2,10,7,5,25,6,8,70,5,,,
2015111616,11,5,,420,,,,,61,132,96,10148,10140,10,79,8,2,10,7,5,25,6,8,70,5,,,
2015111617,8,3,,350,,,,,61,128,99,10148,10140,10,83,8,2,10,7,5,25,6,8,70,5,,,
2015111618,9,4,,220,,,,,63,123,101,10145,10137,40,86,8,2,5,7,5,25,6,8,70,5,,,
2015111619,11,7,,240,,,,,63,124,104,10146,10138,40,88,8,2,5,7,5,25,6,8,70,5,,,
2015111620,10,5,,500,,,,,61,124,102,10148,10140,15,86,8,2,8,7,5,30,6,8,70,5,,,
2015111621,6,5,,350,,,,,61,123,103,10149,10141,5,88,8,2,10,7,5,25,6,8,70,5,,,
2015111622,5,10,,380,,,,,61,121,101,10154,10146,0,87,8,2,10,7,5,25,6,8,80,5,,,
2015111623,6,11,,280,,,,,61,116,96,10148,10140,5,88,8,2,7,7,5,25,6,8,70,5,,,
2015111624,5,10,,350,,,,,10,117,97,10153,10145,0,88,8,2,10,7,5,30,6,8,100,4,,,
2015111701,4,10,,600,,,,,10,118,93,10158,10150,,85,8,2,10,7,5,30,6,8,100,4,,,
2015111702,4,11,,700,,,,,10,115,85,10159,10151,,82,7,5,30,6,7,100,4,,,,,,
2015111703,5,10,,1000,,,,,,113,77,10163,10155,,78,7,5,30,6,7,110,4,,,,,,
2015111704,5,10,,1000,,,,,,113,71,10162,10154,,76,7,5,30,6,7,110,4,,,,,,
2015111705,6,11,,1000,,,,,,109,66,10162,10154,,75,5,3,30,6,5,120,3,,,,,,
2015111706,4,10,,1000,,,,,,106,66,10167,10159,,76,5,3,30,6,5,120,3,,,,,,
2015111707,1,7,,1000,,,,,,109,65,10177,10169,,74,5,3,30,6,5,120,3,,,,,,
2015111708,4,6,,1000,,,,,,108,65,10185,10177,,75,5,1,30,6,3,120,3,5,180,0,,,
2015111709,2,5,,1000,,,,,,118,67,10190,10182,,71,5,1,30,6,3,120,3,5,180,0,,,
2015111710,1,6,,1000,,,,,,132,70,10196,10188,,66,2,2,180,0,,,,,,,,,
2015111711,35,9,,1000,,,,,,146,75,10198,10190,,63,4,4,180,0,,,,,,,,,
2015111712,36,11,,1000,,,,,,158,70,10199,10191,,56,4,4,180,0,,,,,,,,,
2015111713,36,14,,1000,,,,,,165,61,10188,10180,,50,3,3,180,0,,,,,,,,,
2015111714,34,13,,1000,,,,,,167,72,10189,10181,,53,2,2,180,0,,,,,,,,,
2015111715,36,7,,1000,,,,,,172,66,10186,10178,,,2,2,180,0,,,,,,,,,
2015111716,3,7,,1000,,,,,,168,52,10187,10179,,,0,,,,,,,,,,,,
2015111717,2,6,,1000,,,,,,158,56,10186,10178,,,0,,,,,,,,,,,,
2015111718,36,5,,1000,,,,,,128,63,10189,10181,,65,0,,,,,,,,,,,,
2015111719,33,8,,1000,,,,,,136,76,10206,10198,,67,0,,,,,,,,,,,,
2015111720,35,13,,1000,,,,,,128,70,10206,10198,,68,4,4,180,0,,,,,,,,,
2015111721,36,8,,1000,,,,,,125,59,10205,10197,,64,5,5,180,2,,,,,,,,,
2015111722,3,8,,1000,,,,,,120,60,10205,10197,,67,5,5,180,2,,,,,,,,,
2015111723,5,11,,1000,,,,,,119,60,10202,10194,,67,6,6,180,2,,,,,,,,,
2015111724,5,9,,1000,,,,,,116,58,10197,10189,,68,6,6,180,2,,,,,,,,,
2015111801,5,11,,1000,,,,,,112,60,10191,10183,,70,6,6,180,2,,,,,,,,,
2015111802,7,8,,1000,,,,,,112,55,10196,10188,,68,6,6,180,2,,,,,,,,,
2015111803,7,9,,1000,,,,,,115,59,10196,10188,,69,6,1,30,6,6,180,2,,,,,,
2015111804,7,8,,1000,,,,,,114,63,10196,10188,,71,5,4,30,6,5,180,0,,,,,,
2015111805,6,9,,1000,,,,,,118,63,10187,10179,,69,5,1,30,6,3,120,3,5,180,0,,,
2015111806,6,10,,1000,,,,,,132,47,10188,10180,,56,5,2,30,6,4,120,3,5,160,0,,,
2015111807,8,9,,1000,,,,,21,132,42,10191,10183,0,55,5,2,16,7,4,40,6,5,120,3,,,
2015111808,11,9,,1000,,,,,21,132,51,10198,10190,0,58,6,4,30,6,6,120,3,,,,,,
2015111809,11,14,,1000,,,,,,130,51,10196,10188,,59,8,4,40,6,8,80,4,,,,,,
2015111810,10,9,,800,,,,,61,122,63,10199,10191,0,67,8,2,10,7,5,30,6,8,80,4,,,
2015111811,7,5,,700,,,,,61,111,75,10202,10194,10,78,8,2,10,7,5,30,6,8,80,4,,,
2015111812,6,8,,600,,,,,61,106,79,10198,10190,10,84,8,2,10,7,5,30,6,8,80,4,,,
2015111813,5,11,,500,,,,,61,101,78,10190,10182,20,86,8,2,10,7,5,30,6,8,80,5,,,
2015111814,5,12,,500,,,,,63,102,80,10193,10185,25,86,8,2,10,7,6,30,6,8,80,5,,,
2015111815,4,13,,500,,,,,61,98,76,10196,10188,10,86,8,2,10,7,6,30,6,8,80,5,,,
2015111816,6,9,,600,,,,,61,99,72,10202,10194,10,83,8,1,10,7,6,30,6,8,80,5,,,
2015111817,7,10,,600,,,,,61,97,66,10209,10201,5,81,8,1,10,7,6,30,6,8,80,5,,,
2015111818,7,8,,600,,,,,10,95,56,10218,10210,0,76,8,1,15,7,5,30,6,8,80,4,,,
2015111819,6,9,,600,,,,,10,90,55,10227,10219,,79,8,1,15,7,5,30,6,8,80,4,,,
2015111820,5,12,,600,,,,,51,85,59,10235,10227,0,84,8,1,15,7,6,30,6,8,80,4,,,
2015111821,6,13,,900,,,,,10,82,49,10237,10229,0,80,8,5,30,6,8,80,4,,,,,,
2015111822,7,9,,1000,,,,,,81,48,10233,10225,,80,7,5,30,6,7,100,3,,,,,,
2015111823,8,7,,1000,,,,,,82,46,10231,10223,,78,6,4,30,6,6,110,3,,,,,,
2015111824,6,7,,1000,,,,,,83,46,10229,10221,,78,6,4,30,6,6,120,3,,,,,,
2015111901,6,10,,1000,,,,,,79,41,10230,10222,,77,6,4,30,6,6,120,3,,,,,,
2015111902,5,9,,1000,,,,,,77,32,10226,10218,,73,6,4,30,6,6,120,3,,,,,,
2015111903,6,7,,1000,,,,,,74,33,10225,10217,,75,6,4,30,6,6,120,3,,,,,,
2015111904,7,5,,1000,,,,,,67,32,10218,10210,,78,3,1,30,6,3,120,3,,,,,,
2015111905,3,7,,1000,,,,,,65,30,10230,10222,,78,4,2,30,6,4,180,0,,,,,,
2015111906,6,10,,1000,,,,,,71,28,10232,10224,,74,6,4,30,6,6,120,3,,,,,,
2015111907,6,12,,1000,,,,,,72,26,10242,10234,,72,6,4,30,6,6,120,3,,,,,,
2015111908,6,11,,1000,,,,,,73,23,10246,10238,,71,8,4,25,6,8,120,4,,,,,,
2015111909,8,7,,1000,,,,,,77,25,10245,10237,,70,8,4,25,6,8,120,4,,,,,,
2015111910,8,6,,1000,,,,,,92,30,10239,10231,,65,8,4,25,6,8,120,4,,,,,,
2015111911,11,6,,1000,,,,,,101,33,10235,10227,,63,8,4,25,6,8,120,4,,,,,,
2015111912,13,5,,1000,,,,,,101,36,10230,10222,,64,8,4,25,6,8,120,4,,,,,,
2015111913,9,5,,1000,,,,,,104,39,10222,10214,,64,8,4,25,6,8,120,4,,,,,,
2015111914,13,4,,1000,,,,,,109,43,10214,10206,,64,8,4,25,6,8,120,4,,,,,,
2015111915,3,4,,1000,,,,,,109,40,10215,10207,,63,8,4,25,6,8,120,4,,,,,,
2015111916,1,4,,1000,,,,,,106,43,10221,10213,,65,8,4,25,6,8,120,4,,,,,,
2015111917,1,5,,1000,,,,,,104,43,10226,10218,,66,8,4,25,6,8,120,4,,,,,,
2015111918,5,4,,1000,,,,,,101,44,10228,10220,,68,8,4,25,6,8,120,4,,,,,,
2015111919,7,4,,1000,,,,,,92,46,10229,10221,,73,5,2,25,6,5,120,3,,,,,,
2015111920,8,4,,1000,,,,,,84,45,10226,10218,,76,1,1,120,3,,,,,,,,,
2015111921,2,3,,1000,,,,,,78,41,10229,10221,,78,0,,,,,,,,,,,,
2015111922,1,2,,1000,,,,,,77,48,10231,10223,,82,0,,,,,,,,,,,,
2015111923,5,4,,800,,,,,10,69,44,10232,10224,,84,2,2,30,6,,,,,,,,,
2015111924,5,4,,700,,,,,10,74,46,10233,10225,,83,6,4,40,6,6,110,3,,,,,,
2015112001,8,4,,600,,,,,10,79,52,10230,10222,,83,6,4,40,6,6,110,3,,,,,,
2015112002,7,3,,600,,,,,10,78,50,10228,10220,,82,6,4,40,6,6,110,3,,,,,,
2015112003,6,4,,600,,,,,10,79,50,10228,10220,,82,6,4,40,6,6,110,3,,,,,,
2015112004,9,2,,600,,,,,10,78,49,10223,10215,,82,6,4,40,6,6,110,3,,,,,,
2015112005,4,3,,600,,,,,10,83,53,10225,10217,,82,6,4,40,6,6,110,3,,,,,,
2015112006,5,5,,500,,,,,10,85,61,10229,10221,,85,7,4,40,6,7,110,3,,,,,,
2015112007,6,3,,500,,,,,10,86,56,10234,10226,,81,7,4,40,6,7,110,3,,,,,,
2015112008,7,3,,500,,,,,10,85,58,10241,10233,0,83,7,4,30,6,7,110,3,,,,,,
2015112009,5,3,,600,,,,,10,93,61,10246,10238,,80,6,4,30,6,6,110,3,,,,,,
2015112010,4,3,,900,,,,,10,110,54,10246,10238,,69,4,2,30,6,4,110,3,,,,,,
2015112011,36,4,,1000,,,,,,109,59,10249,10241,,71,3,3,30,6,,,,,,,,,
2015112012,34,4,,1000,,,,,,123,48,10246,10238,,60,3,3,30,6,,,,,,,,,
2015112013,31,6,,1000,,,,,,124,50,10241,10233,,61,3,3,30,6,,,,,,,,,
2015112014,30,7,,1000,,,,,,123,44,10237,10229,,58,2,2,30,6,,,,,,,,,
2015112015,30,7,,1000,,,,,,119,38,10234,10226,,58,1,1,30,6,,,,,,,,,
2015112016,30,8,,1000,,,,,,115,46,10239,10231,,62,1,1,180,0,,,,,,,,,
2015112017,32,7,,1000,,,,,,105,46,10243,10235,,67,3,3,180,0,,,,,,,,,
2015112018,32,9,,1000,,,,,,104,39,10251,10243,,64,1,1,180,0,,,,,,,,,
2015112019,33,7,,1000,,,,,,102,35,10253,10245,,63,0,,,,,,,,,,,,
2015112020,36,8,,1000,,,,,,91,16,10258,10250,,60,2,2,180,0,,,,,,,,,
2015112021,1,6,,1000,,,,,,85,6,10264,10256,,57,3,3,180,0,,,,,,,,,
2015112022,36,6,,1000,,,,,,79,10,10268,10260,,62,4,4,180,0,,,,,,,,,
2015112023,3,2,,800,,,,,10,81,3,10269,10261,,58,4,4,180,0,,,,,,,,,
2015112024,1,6,,800,,,,,10,81,1,10269,10261,,57,4,4,180,0,,,,,,,,,
2015112101,3,4,,700,,,,,10,72,4,10270,10262,,62,3,3,180,0,,,,,,,,,
2015112102,3,6,,800,,,,,10,67,-2,10274,10266,,61,4,4,180,0,,,,,,,,,
2015112103,3,6,,1000,,,,,,65,-7,10279,10271,,60,3,3,180,0,,,,,,,,,
2015112104,36,7,,1000,,,,,,62,-4,10278,10270,,62,3,3,180,0,,,,,,,,,
2015112105,4,7,,1000,,,,,,64,-19,10276,10268,,55,3,3,180,0,,,,,,,,,
2015112106,5,7,,1000,,,,,,61,-25,10277,10269,,54,3,3,180,0,,,,,,,,,
2015112107,3,9,,1000,,,,,,57,-7,10278,10270,,63,5,5,180,0,,,,,,,,,
2015112108,5,7,,800,,,,,10,57,2,10282,10274,,68,4,4,180,0,,,,,,,,,
2015112109,6,6,,800,,,,,5,62,1,10286,10278,,65,5,5,160,0,,,,,,,,,
2015112110,6,7,,800,,,,,5,73,-2,10285,10277,,58,4,4,160,0,,,,,,,,,
2015112111,5,6,,800,,,,,5,86,1,10285,10277,,55,3,3,180,0,,,,,,,,,
2015112112,4,5,,900,,,,,5,95,-11,10278,10270,,47,3,3,180,0,,,,,,,,,
2015112113,34,6,,1000,,,,,,108,-21,10269,10261,,40,2,2,180,0,,,,,,,,,
2015112114,34,8,,1000,,,,,,110,-16,10263,10255,,41,3,2,140,3,3,180,0,,,,,,
2015112115,34,13,,1000,,,,,,113,6,10262,10254,,48,2,2,140,3,,,,,,,,,
2015112116,34,9,,1000,,,,,,116,18,10266,10258,,51,2,2,140,3,,,,,,,,,
2015112117,36,6,,1000,,,,,,104,12,10270,10262,,53,1,1,120,3,,,,,,,,,
2015112118,36,4,,1000,,,,,,99,4,10271,10263,,52,1,1,120,3,,,,,,,,,
2015112119,36,3,,1000,,,,,,93,14,10277,10269,,58,1,1,110,4,,,,,,,,,
2015112120,36,1,,1000,,,,,,95,12,10284,10276,,56,0,,,,,,,,,,,,
2015112121,3,5,,1000,,,,,,80,-7,10285,10277,,54,0,,,,,,,,,,,,
2015112122,5,4,,1000,,,,,,74,4,10283,10275,,61,0,,,,,,,,,,,,
2015112123,2,4,,1000,,,,,,65,4,10289,10281,,65,0,,,,,,,,,,,,
2015112124,36,3,,1000,,,,,,82,6,10289,10281,,59,0,,,,,,,,,,,,
2015112201,2,4,,1000,,,,,,77,8,10288,10280,,62,0,,,,,,,,,,,,
2015112202,3,7,,1000,,,,,,75,12,10291,10283,,65,0,,,,,,,,,,,,
2015112203,3,9,,1000,,,,,,82,5,10290,10282,,59,3,3,200,0,,,,,,,,,
2015112204,4,7,,1000,,,,,,77,5,10286,10278,,61,3,3,200,0,,,,,,,,,
2015112205,3,10,,1000,,,,,,71,13,10285,10277,,67,2,2,200,0,,,,,,,,,
2015112206,4,11,,1000,,,,,,68,11,10285,10277,,67,2,2,200,0,,,,,,,,,
2015112207,4,10,,1000,,,,,,71,18,10286,10278,,69,4,4,200,0,,,,,,,,,
2015112208,6,10,,1000,,,,,,72,18,10287,10279,,69,3,3,200,0,,,,,,,,,
2015112209,7,6,,1000,,,,,,75,20,10297,10289,,68,5,1,30,6,5,200,0,,,,,,
2015112210,5,11,,1000,,,,,,92,24,10299,10291,,62,5,1,30,6,3,140,3,5,200,0,,,
2015112211,4,6,,1000,,,,,,103,27,10297,10289,,60,5,1,30,6,3,120,3,5,200,0,,,
2015112212,4,8,,1000,,,,,,110,28,10290,10282,,57,5,1,30,6,3,120,3,5,180,1,,,
2015112213,4,8,,1000,,,,,,118,27,10281,10273,,54,6,1,30,6,6,120,4,,,,,,
2015112214,2,8,,1000,,,,,,130,33,10275,10267,,52,5,1,30,6,5,120,3,,,,,,
2015112215,3,9,,1000,,,,,,121,34,10273,10265,,55,6,3,30,6,6,120,3,,,,,,
2015112216,3,9,,1000,,,,,,123,35,10270,10262,,55,7,4,30,6,7,120,3,,,,,,
2015112217,4,10,,1000,,,,,,120,41,10270,10262,,59,8,4,30,6,8,110,4,,,,,,
2015112218,5,14,,1000,,,,,,112,37,10269,10261,,60,8,4,30,6,8,110,4,,,,,,
2015112219,5,15,,1000,,,,,21,100,37,10270,10262,0,65,8,4,30,6,8,110,4,,,,,,
2015112220,5,14,,1000,,,,,61,91,44,10275,10267,0,72,8,4,25,6,8,110,4,,,,,,
2015112221,6,15,,1000,,,,,61,81,49,10276,10268,20,80,8,2,10,7,4,25,6,8,80,5,,,
2015112222,5,16,,1000,,,,,61,76,46,10271,10263,5,82,8,2,10,7,5,25,6,8,80,5,,,
2015112223,5,14,,1000,,,,,61,74,44,10272,10264,0,81,8,2,10,7,5,25,6,8,80,5,,,
2015112224,5,15,,1000,,,,,61,74,44,10270,10262,5,81,8,2,10,7,5,25,6,8,80,5,,,
2015112301,6,15,,1000,,,,,61,71,46,10270,10262,5,84,8,2,10,7,5,25,6,8,80,5,,,
2015112302,6,15,,1000,,,,,61,70,47,10265,10257,0,85,8,2,10,7,5,25,6,8,80,5,,,
2015112303,6,16,,1000,,,,,61,68,46,10263,10255,0,86,8,2,15,7,5,25,6,8,80,5,,,
2015112304,6,14,,1000,,,,,61,66,45,10260,10252,10,86,8,2,15,7,5,25,6,8,80,5,,,
2015112305,6,13,,1000,,,,,61,65,44,10261,10253,0,86,8,2,15,7,5,25,6,8,80,5,,,
2015112306,5,15,,1000,,,,,61,64,43,10262,10254,10,86,8,2,15,7,5,25,6,8,80,5,,,
2015112307,5,15,,1000,,,,,61,62,40,10261,10253,0,86,8,2,15,7,5,25,6,8,80,5,,,
2015112308,6,14,,1000,,,,,21,61,38,10259,10251,0,85,7,5,25,6,7,100,3,,,,,,
2015112309,6,13,,1000,,,,,,66,43,10259,10251,,85,7,5,25,6,7,100,3,,,,,,
2015112310,6,11,,1000,,,,,,70,44,10260,10252,,83,8,5,25,6,8,100,4,,,,,,
2015112311,6,10,,1000,,,,,,74,41,10262,10254,,80,8,5,25,6,8,100,4,,,,,,
2015112312,5,11,,1000,,,,,,86,47,10257,10249,,76,7,5,25,6,7,100,3,,,,,,
2015112313,5,8,,1000,,,,,,90,42,10247,10239,,72,7,5,25,6,7,100,3,,,,,,
2015112314,4,8,,1000,,,,,,94,40,10244,10236,,69,7,3,30,6,5,100,3,7,180,0,,,
2015112315,2,7,,1000,,,,,,101,41,10243,10235,,67,7,4,25,6,7,110,4,,,,,,
2015112316,3,7,,1000,,,,,,101,40,10243,10235,,66,6,3,30,6,6,110,3,,,,,,
2015112317,36,5,,1000,,,,,,100,38,10248,10240,,65,6,4,30,6,6,110,3,,,,,,
2015112318,34,8,,1000,,,,,,96,41,10252,10244,,69,6,4,25,6,6,110,3,,,,,,
2015112319,35,6,,1000,,,,,,97,40,10257,10249,,68,6,2,18,7,4,30,6,6,110,3,,,
2015112320,34,10,,1000,,,,,,93,33,10256,10248,,66,7,2,15,7,5,30,6,7,110,3,,,
2015112321,33,13,,1000,,,,,,84,46,10263,10255,,77,7,2,15,7,4,30,6,7,110,4,,,
2015112322,32,16,,1000,,,,,,71,23,10264,10256,,72,7,2,15,7,4,30,6,7,110,4,,,
2015112323,34,14,,1000,,,,,,61,18,10268,10260,,74,7,2,15,7,4,30,6,7,110,4,,,
2015112324,35,14,,1000,,,,,,54,8,10271,10263,,72,7,2,15,7,4,30,6,7,120,3,,,
2015112401,34,16,,1000,,,,,,37,-17,10268,10260,,68,7,1,15,7,3,30,6,7,130,3,,,
2015112402,36,15,,1000,,,,,,34,-17,10271,10262,,69,5,3,30,6,5,130,3,,,,,,
2015112403,36,11,,1000,,,,,,32,-19,10275,10266,,69,5,2,30,6,4,130,3,5,200,0,,,
2015112404,36,9,,1000,,,,,,29,-20,10269,10260,,70,5,2,30,6,3,130,3,5,200,0,,,
2015112405,36,10,,1000,,,,,,29,-24,10267,10258,,68,3,2,30,6,3,130,3,,,,,,
2015112406,36,9,,1000,,,,,,26,-22,10272,10263,,70,5,2,30,6,5,130,3,,,,,,
2015112407,36,8,,1000,,,,,,26,-23,10270,10261,,70,5,1,30,6,3,130,3,5,180,0,,,
2015112408,35,8,,1000,,,,,,26,-16,10274,10265,,73,6,2,30,6,4,130,3,6,180,0,,,
2015112409,35,6,,1000,,,,,,29,-16,10283,10274,,72,8,2,30,6,6,130,3,8,180,2,,,
2015112410,35,6,,1000,,,,,,34,-12,10286,10277,,72,8,2,10,7,6,130,3,8,180,2,,,
2015112411,3,5,,1000,,,,,,38,-15,10286,10277,,68,8,2,10,7,6,130,3,8,180,2,,,
2015112412,2,6,,1000,,,,,,47,-7,10280,10272,,67,8,2,10,7,6,120,3,8,180,2,,,
2015112413,5,9,,1000,,,,,,54,-5,10263,10255,,66,8,1,30,6,6,120,3,8,180,2,,,
2015112414,4,9,,1000,,,,,,59,0,10252,10244,,66,8,2,10,7,6,120,3,8,180,2,,,
2015112415,6,10,,1000,,,,,,68,3,10243,10235,,63,8,2,10,7,6,120,3,8,180,2,,,
2015112416,5,5,,1000,,,,,,72,6,10251,10243,,63,8,2,10,7,7,120,3,8,180,2,,,
2015112417,36,5,,1000,,,,,,71,10,10251,10243,,65,7,5,120,3,7,180,0,,,,,,
2015112418,1,5,,1000,,,,,,74,8,10252,10244,,63,7,3,30,6,5,110,3,7,180,0,,,
2015112419,3,6,,1000,,,,,,75,9,10248,10240,,63,7,4,30,6,5,110,3,7,180,0,,,
2015112420,3,7,,1000,,,,,,74,9,10248,10240,,64,7,4,30,6,7,110,4,,,,,,
2015112421,5,8,,1000,,,,,,69,4,10246,10238,,63,8,4,30,6,8,110,4,,,,,,
2015112422,6,6,,1000,,,,,,69,4,10242,10234,,63,8,5,30,6,8,100,4,,,,,,
2015112423,7,5,,1000,,,,,61,62,22,10241,10233,0,75,8,2,10,7,5,25,6,8,90,4,,,
2015112424,4,8,,800,,,,,61,51,21,10235,10227,10,81,8,2,10,7,6,25,6,8,80,5,,,
2015112501,5,7,,700,,,,,61,45,23,10230,10222,10,86,8,2,10,7,6,25,6,8,80,5,,,
2015112502,5,8,,700,,,,,61,46,27,10229,10221,15,87,8,2,10,7,6,25,6,8,80,5,,,
2015112503,6,8,,800,,,,,61,43,20,10221,10213,20,85,8,2,8,7,6,25,6,8,80,5,,,
2015112504,5,9,,700,,,,,61,36,15,10219,10211,10,86,8,2,8,7,6,25,6,8,80,5,,,
2015112505,2,9,,900,,,,,61,26,6,10218,10210,5,87,8,2,7,7,6,25,6,8,80,5,,,
2015112506,4,9,,1000,,,,,61,26,7,10213,10205,0,87,8,2,10,7,6,25,6,8,80,5,,,
2015112507,5,8,,1000,,,,,61,23,5,10210,10202,5,88,8,2,6,7,5,25,6,8,80,5,,,
2015112508,7,6,,1000,,,,,21,23,5,10205,10197,0,88,8,1,10,7,5,25,6,8,90,4,,,
2015112509,6,3,,800,,,,,10,29,9,10209,10201,,86,8,2,15,7,5,25,6,8,80,4,,,
2015112510,3,3,,700,,,,,10,35,15,10208,10200,,87,8,2,10,7,5,25,6,8,80,4,,,
2015112511,33,8,,800,,,,,10,42,10,10206,10198,,80,8,2,15,7,5,25,6,8,80,4,,,
2015112512,33,10,,1000,,,,,,44,5,10200,10192,,76,8,2,15,7,5,25,6,8,80,4,,,
2015112513,32,11,,1000,,,,,,52,2,10191,10183,,70,7,5,25,6,7,100,3,,,,,,
2015112514,33,11,,1000,,,,,,53,-2,10185,10177,,67,7,5,25,6,7,100,3,,,,,,
2015112515,33,10,,1000,,,,,21,47,-13,10176,10168,0,65,7,5,25,6,7,100,3,,,,,,
2015112516,33,12,,1000,,,,,61,41,-4,10175,10167,0,72,8,5,25,6,8,90,4,,,,,,
2015112517,33,12,,800,,,,,61,32,3,10180,10172,0,81,8,2,15,7,6,30,6,8,80,4,,,
2015112518,33,13,,800,,,,,61,32,-5,10178,10170,5,76,8,2,15,7,6,30,6,8,80,4,,,
2015112519,33,13,,800,,,,,61,30,-6,10179,10171,0,77,8,2,15,7,6,30,6,8,80,4,,,
2015112520,33,14,,800,,,,,10,32,-10,10176,10168,0,74,8,2,15,7,6,30,6,8,80,4,,,
2015112521,33,15,,1000,,,,,,25,-16,10176,10168,,74,8,5,25,6,8,100,4,,,,,,
2015112522,33,17,,1000,,,,,68,20,-30,10178,10170,0,69,8,2,15,7,6,25,6,8,100,4,,,
2015112523,33,15,,1000,,,,,23,19,-35,10179,10171,0,67,8,2,15,7,5,25,6,8,100,4,,,
2015112524,32,11,,140,100,200,200,,71,0,-17,10180,10171,0,87,8,2,15,7,5,25,6,8,100,4,,,
2015112601,33,13,,400,,,,,71,7,-22,10174,10165,0,81,8,2,10,7,6,25,6,8,100,4,,,
2015112602,33,18,,200,50,110,33,,73,-4,-22,10167,10158,0,87,8,2,10,7,6,25,6,8,100,4,,,
2015112603,33,20,,160,,,140,,73,-6,-37,10165,10156,0,79,8,2,10,7,6,25,6,8,80,4,,,
2015112604,34,19,,450,,,,,71,-1,-32,10160,10151,0,79,8,2,10,7,6,25,6,8,80,4,,,
2015112605,34,17,,1000,,,,,22,0,-53,10157,10148,0,67,8,2,10,7,6,25,6,8,80,4,,,
2015112606,34,17,,1000,,,,,,-7,-63,10154,10145,,66,8,2,10,7,6,25,6,8,100,4,,,
2015112607,1,12,,1000,,,,,,-10,-60,10155,10146,,69,7,7,25,6,,,,,,,,,
2015112608,33,17,,1000,,,,,,-14,-71,10159,10150,,65,6,6,25,6,,,,,,,,,
2015112609,33,20,,1000,,,,,,-15,-76,10161,10152,,63,7,7,25,6,,,,,,,,,
2015112610,34,19,,1000,,,,,,-14,-75,10165,10156,,63,5,2,20,8,5,30,6,,,,,,
2015112611,33,18,,1000,,,,,,-15,-81,10166,10157,,60,5,2,20,8,5,30,6,,,,,,
2015112612,33,20,,1000,,,,,,-18,-87,10164,10155,,59,5,2,20,8,5,30,6,,,,,,
2015112613,31,20,,1000,,,,,,-12,-99,10159,10150,,51,6,2,20,8,6,30,6,,,,,,
2015112614,32,19,,1000,,,,,,-14,-105,10156,10147,,50,6,2,20,8,6,30,6,,,,,,
2015112615,32,17,,1000,,,,,85,-13,-95,10157,10148,0,53,7,2,20,8,7,30,6,,,,,,
2015112616,33,14,,1000,,,,,85,-17,-79,10161,10152,0,62,7,2,20,8,7,30,6,,,,,,
2015112617,32,11,,1000,,,,,85,-18,-75,10165,10156,0,65,7,2,20,8,7,30,6,,,,,,
2015112618,34,15,,1000,,,,,26,-18,-82,10170,10161,0,61,7,2,20,8,7,30,6,,,,,,
2015112619,34,14,,1000,,,,,,-19,-73,10176,10167,,66,6,2,20,8,6,30,6,,,,,,
2015112620,33,15,,1000,,,,,,-21,-81,10182,10173,,63,6,6,25,6,,,,,,,,,
2015112621,33,16,,1000,,,,,26,-23,-90,10189,10180,0,60,6,2,20,8,6,30,6,,,,,,
2015112622,36,12,,1000,,,,,26,-26,-90,10194,10185,0,61,6,2,20,8,6,30,6,,,,,,
2015112623,36,13,,1000,,,,,26,-27,-101,10199,10190,0,56,5,5,25,6,,,,,,,,,
2015112624,36,11,,1000,,,,,,-31,-104,10208,10199,,57,4,4,30,6,,,,,,,,,
2015112701,33,15,,1000,,,,,,-37,-108,10209,10200,,58,4,4,30,6,,,,,,,,,
2015112702,35,12,,1000,,,,,,-39,-108,10216,10207,,58,4,4,30,6,,,,,,,,,
2015112703,36,9,,1000,,,,,,-43,-112,10223,10214,,58,2,2,30,6,,,,,,,,,
2015112704,1,7,,1000,,,,,,-43,-109,10227,10218,,60,1,1,30,6,,,,,,,,,
2015112705,34,11,,1000,,,,,,-29,-83,10229,10220,,66,4,4,25,6,,,,,,,,,
2015112706,35,11,,1000,,,,,,-19,-70,10234,10225,,68,4,2,20,8,4,30,6,,,,,,
2015112707,1,8,,1000,,,,,,-18,-67,10237,10228,,69,4,4,25,6,,,,,,,,,
2015112708,4,6,,1000,,,,,,-25,-73,10245,10236,,69,6,6,25,6,,,,,,,,,
2015112709,6,5,,1000,,,,,,-28,-80,10248,10239,,67,7,4,25,6,7,120,3,,,,,,
2015112710,33,13,,1000,,,,,22,4,-67,10252,10243,0,59,6,4,25,6,6,120,3,,,,,,
2015112711,34,15,,1000,,,,,,2,-74,10257,10248,,56,3,3,25,6,,,,,,,,,
2015112712,33,14,,1000,,,,,,10,-72,10252,10243,,54,2,2,25,6,,,,,,,,,
2015112713,32,10,,1000,,,,,,9,-71,10250,10241,,55,6,4,30,6,6,120,3,,,,,,
2015112714,32,11,,1000,,,,,,14,-68,10252,10243,,54,6,4,30,6,6,120,3,,,,,,
2015112715,32,12,,1000,,,,,,13,-67,10254,10245,,55,6,4,30,6,6,120,3,,,,,,
2015112716,34,12,,1000,,,,,,12,-68,10257,10248,,55,7,4,30,6,7,120,3,,,,,,
2015112717,33,13,,1000,,,,,,10,-72,10264,10255,,54,7,4,30,6,7,120,3,,,,,,
2015112718,33,12,,1000,,,,,,9,-76,10268,10259,,53,7,4,30,6,7,120,3,,,,,,
2015112719,32,11,,1000,,,,,,3,-69,10273,10264,,58,5,3,30,6,5,120,3,,,,,,
2015112720,34,10,,1000,,,,,,-1,-69,10278,10269,,60,2,2,30,6,,,,,,,,,
2015112721,35,9,,1000,,,,,,-1,-78,10283,10274,,56,3,1,30,6,3,120,3,,,,,,
2015112722,1,8,,1000,,,,,,-5,-89,10285,10276,,53,3,1,30,6,3,120,3,,,,,,
2015112723,8,4,,1000,,,,,,-7,-81,10289,10280,,57,5,3,30,6,5,110,3,,,,,,
2015112724,7,6,,1000,,,,,,-6,-68,10292,10283,,62,6,6,40,6,,,,,,,,,
2015112801,6,9,,1000,,,,,,-9,-79,10293,10284,,59,7,7,40,6,,,,,,,,,
2015112802,10,6,,1000,,,,,,-9,-90,10291,10282,,54,7,7,40,6,,,,,,,,,
2015112803,9,5,,1000,,,,,,-7,-89,10292,10283,,53,7,7,40,6,,,,,,,,,
2015112804,7,4,,1000,,,,,,-5,-87,10286,10277,,54,7,7,40,6,,,,,,,,,
2015112805,9,5,,1000,,,,,,-1,-84,10287,10278,,53,7,7,40,6,,,,,,,,,
2015112806,6,6,,1000,,,,,,0,-82,10285,10276,,54,7,7,40,6,,,,,,,,,
2015112807,7,7,,1000,,,,,,1,-82,10291,10282,,53,7,7,40,6,,,,,,,,,
2015112808,7,7,,800,,,,,70,-4,-77,10296,10287,0,57,7,7,30,6,,,,,,,,,
2015112809,6,9,,600,,,,,71,-8,-54,10307,10298,0,70,8,6,30,6,8,100,4,,,,,,
2015112810,7,7,,250,,,,,71,-11,-31,10313,10304,0,86,8,2,7,7,6,30,6,8,80,4,,,
2015112811,9,6,,500,,,,,71,-1,-32,10312,10303,0,79,8,6,30,6,8,80,4,,,,,,
2015112812,7,6,,600,,,,,10,10,-26,10306,10297,0,76,8,6,30,6,8,100,4,,,,,,
2015112813,5,7,,1000,,,,,,23,-38,10301,10292,,64,7,4,30,6,7,110,3,,,,,,
2015112814,14,5,,1000,,,,,,29,-26,10299,10290,,67,6,4,25,6,6,110,3,,,,,,
2015112815,11,3,,1000,,,,,,36,-27,10298,10289,,63,3,2,30,6,3,110,3,,,,,,
2015112816,16,4,,1000,,,,,,34,-27,10300,10291,,64,3,2,30,6,3,110,3,,,,,,
2015112817,13,3,,1000,,,,,,23,-27,10300,10291,,69,2,2,30,6,,,,,,,,,
2015112818,10,3,,1000,,,,,,21,-24,10300,10291,,72,3,3,120,3,,,,,,,,,
2015112819,7,5,,600,,,,,10,24,-19,10305,10296,,73,5,5,120,3,,,,,,,,,
2015112820,7,5,,500,,,,,10,26,-19,10305,10296,,72,7,2,40,6,7,120,3,,,,,,
2015112821,7,5,,450,,,,,10,27,-18,10306,10297,,72,7,2,40,6,7,120,3,,,,,,
2015112822,6,5,,450,,,,,10,28,-17,10306,10297,,72,7,3,40,6,7,120,3,,,,,,
2015112823,6,6,,450,,,,,10,27,-17,10305,10296,,72,6,4,40,6,6,120,3,,,,,,
2015112824,8,5,,450,,,,,10,25,-16,10304,10295,,74,6,4,40,6,6,120,3,,,,,,
2015112901,7,4,,600,,,,,10,26,-13,10303,10294,,75,8,4,40,6,8,120,4,,,,,,
2015112902,9,4,,600,,,,,10,32,-14,10299,10290,,71,8,6,40,6,8,100,4,,,,,,
2015112903,10,6,,500,,,,,61,32,-9,10298,10289,0,74,8,6,40,6,8,100,4,,,,,,
2015112904,7,5,,500,,,,,61,31,-8,10294,10285,0,75,8,6,30,6,8,100,4,,,,,,
2015112905,6,7,,500,,,,,10,30,-5,10289,10280,0,77,8,5,25,6,8,110,4,,,,,,
2015112906,6,7,,420,,,,,10,26,-3,10287,10278,,81,8,1,15,7,4,30,6,8,110,4,,,
2015112907,7,6,,420,,,,,61,24,-2,10286,10277,0,83,8,2,15,7,5,30,6,8,100,4,,,
2015112908,8,6,,380,,,,,61,27,-1,10284,10275,0,81,8,2,15,7,5,30,6,8,100,4,,,
2015112909,9,4,,280,,,,,61,29,3,10284,10275,0,83,8,2,10,7,5,25,6,8,100,4,,,
2015112910,10,6,,250,,,,,51,32,9,10280,10271,0,85,8,2,10,7,5,25,6,8,90,4,,,
2015112911,12,6,,330,,,,,10,43,19,10276,10268,0,85,8,1,15,7,5,30,6,8,100,4,,,
2015112912,13,10,,450,,,,,10,51,21,10265,10257,,81,8,5,30,6,8,100,4,,,,,,
2015112913,15,9,,500,,,,,10,54,20,10259,10251,,79,8,2,10,7,5,30,6,8,100,4,,,
2015112914,14,9,,400,,,,,10,54,22,10249,10241,,80,8,2,10,7,5,30,6,8,100,4,,,
2015112915,13,9,,450,,,,,10,57,24,10243,10235,,79,8,2,10,7,5,30,6,8,100,4,,,
2015112916,14,9,,450,,,,,61,60,24,10242,10234,0,78,8,2,10,7,5,30,6,8,100,4,,,
2015112917,13,7,,450,,,,,10,59,24,10240,10232,0,78,8,5,30,6,8,100,4,,,,,,
2015112918,14,9,,300,,,,,61,57,28,10238,10230,5,82,8,2,10,7,5,25,6,8,80,5,,,
2015112919,14,10,,320,,,,,61,58,29,10237,10229,0,82,8,2,10,7,5,25,6,8,80,5,,,
2015112920,15,8,,350,,,,,61,65,35,10232,10224,0,81,8,2,10,7,5,30,6,8,90,4,,,
2015112921,36,7,,350,,,,,61,67,39,10233,10225,15,82,8,2,10,7,5,25,6,8,80,5,,,
2015112922,8,2,,350,,,,,60,67,42,10236,10228,0,84,8,2,15,7,5,30,6,8,80,5,,,
2015112923,8,1,,350,,,,,60,64,41,10233,10225,0,85,8,2,15,7,5,30,6,8,80,5,,,
2015112924,36,2,,350,,,,,60,66,41,10232,10224,0,84,8,5,30,6,8,100,4,,,,,,
2015113001,31,8,,420,,,,,10,77,33,10227,10219,0,74,8,5,30,6,8,100,4,,,,,,
2015113002,33,11,,420,,,,,10,77,34,10227,10219,,74,8,4,30,6,8,120,4,,,,,,
2015113003,34,11,,400,,,,,10,56,28,10233,10225,,82,7,4,30,6,7,120,4,,,,,,
2015113004,36,9,,420,,,,,10,47,21,10234,10226,,83,6,1,10,7,3,25,6,6,120,3,,,
2015113005,35,7,,350,,,,,10,30,8,10235,10227,,86,4,1,10,7,4,30,6,,,,,,
2015113006,36,6,,400,,,,,10,43,10,10237,10229,,79,4,1,10,7,4,30,6,,,,,,
2015113007,1,6,,400,,,,,10,40,4,10241,10233,,77,4,1,10,7,4,25,6,,,,,,
2015113008,36,7,,600,,,,,10,35,-1,10247,10239,,77,3,1,12,7,3,25,6,,,,,,
2015113009,1,6,,700,,,,,10,43,1,10251,10243,,74,2,2,25,6,,,,,,,,,
2015113010,34,6,,900,,,,,5,49,-8,10256,10248,,66,2,2,25,6,,,,,,,,,
2015113011,34,6,,1000,,,,,,55,-21,10257,10249,,58,1,1,30,6,,,,,,,,,
2015113012,33,7,,1000,,,,,,56,-26,10257,10249,,55,0,,,,,,,,,,,,
2015113013,32,8,,1000,,,,,,64,-30,10249,10241,,51,1,1,30,6,,,,,,,,,
2015113014,32,8,,1000,,,,,,66,-30,10244,10236,,50,0,,,,,,,,,,,,
2015113015,34,9,,1000,,,,,,61,-57,10242,10234,,42,3,3,120,3,,,,,,,,,
2015113016,32,8,,1000,,,,,,55,-36,10245,10237,,52,3,2,120,3,3,180,0,,,,,,
2015113017,31,6,,1000,,,,,,48,-33,10245,10237,,55,3,1,120,3,3,180,0,,,,,,
2015113018,32,5,,1000,,,,,,45,-35,10248,10240,,56,0,,,,,,,,,,,,
2015113019,34,2,,1000,,,,,,35,-38,10252,10244,,59,0,,,,,,,,,,,,
2015113020,4,2,,1000,,,,,,31,-37,10256,10247,,61,0,,,,,,,,,,,,
2015113021,2,4,,1000,,,,,,24,-37,10262,10253,,64,0,,,,,,,,,,,,
2015113022,5,4,,1000,,,,,,21,-38,10264,10255,,65,0,,,,,,,,,,,,
2015113023,7,5,,800,,,,,10,16,-30,10265,10256,,71,0,,,,,,,,,,,,
